"label","href"
"Flyer & Falzflyer","/flyer-faltblaetter,category,9839.html"
"Plakate & Poster","/plakate,category,9176.html"
"Visitenkarten","/visitenkarten,category,9179.html"
"Broschüren & Kataloge","/extrem-guenstig-broschueren-drucken,category,13266.html"
"Aufkleber","/extrem-guenstig-aufkleber-drucken,category,9838.html"
"Banner & Planen","/extrem-guenstig-planen-drucken,category,13424.html"
"Briefpapier","/briefpapier,category,9466.html"
"Schilder &  Plattendruck","/schilder-plattendruck-plattendirektdruck-extrem-guenstig,category,15829.html"
"Postkarten","/postkarten-drucken,category,9484.html"
"Etiketten auf  Rolle","/etiketten-auf-rolle-guenstig-online-drucken-lassen,category,17017.html"
"T-Shirts","/t-shirts-extrem-guenstig-bedrucken-selbst-gestalten,category,15876.html"
"Einladungskarten","/einladungskarten-grusskarten,category,9485.html"
"Bücher","/buch-drucken-buecher-drucken-guenstig-dina4-dina5-dina6-din-lang-quer-hardcover-pur-klebebindung,category,12529.html"
"Kostenlose  Produkte","/kostenlose-produkte-gratis,category,12922.html"
"Blöcke","/guenstig-bloecke-bedrucken,category,9473.html"
"Roll-Up Displays","/rollup-banner-display-roll-up,category,10943.html"
"Briefumschläge","/guenstig-briefumschlaege-bedrucken,category,9470.html"
"Klebefolien","/extrem-guenstig-folien-drucken-lassen,category,19152.html"
"Stempel","/stempel-extrem-guenstig-drucken,category,13567.html"
"Durchschreibe-sätze","/selbstdurchschreibesaetze-drucken,category,9478.html"
"Tassen & Kaffeebecher","/fototassen-bedrucken-online-drucken-lassen,category,16668.html"
"Magnetfolien","/magnetfolien-extrem-guenstig-drucken,category,13780.html"
"Plastikkarten","/plastikkarten-kunststoffkarten-guenstig-760m-600m-450m,category,12255.html"
"Bierdeckel","/bierdeckel-drucken-runde-oder-quadratische-bierglasuntersetzer,category,10108.html"
"Fotoleinwand / Keilrahmen","/foto-leinwand-extrem-guenstig-drucken,category,13855.html"
"Fahnen & Flaggen","/fahnen-flaggen-extrem-guenstig-drucken-lassen,category,15252.html"
"Backlightfolie","/extrem-guenstig-backlightfolie-drucken,category,9769.html"
"Hochzeitszeitung","/hochzeitszeitung-drucken,category,13416.html"
"Präsentations-mappen","/praesentationsmappen,category,9418.html"
"Geburtstagskarten","/geburtstagskarten-extrem-guenstig-drucken,category,14675.html"
"Hochzeitskarten","/hochzeitskarten-extrem-guenstig-drucken,category,13928.html"
"Werbetechnik","/werbetechnik-werbesysteme,category,10942.html"
"Weihnachtskarten","/weihnachtskarten-extrem-guenstig-drucken,category,13775.html"
"Loseblattsammlung","/loseblattsammlung-loseblattwerk-drucken-lassen,category,17408.html"
"Layout- und Grafikbüro","/grafikbuero-druckdaten-erstellen,category,13312.html"
"Speisekarten","/speisekarten-extrem-guenstig-online-drucken-lassen,category,18909.html"
"Getränkedosen (bedruckt)","/bedruckte-getraenkedosen-private-label-drinks-extrem-guenstig,category,15820.html"
"Fototapete","/foto-tapete-extrem-guenstig-drucken,category,15140.html"
"Mousepads","/mousepads-extrem-guenstig-online-drucken-lassen,category,17659.html"
"Taschen & Beutel","/taschen-extrem-guenstig-drucken,category,20443.html"
