Kategorie,URL,Unterkategorie,Unterkategorie URL
Flyer & Falzflyer,"/flyer-faltblaetter,category,9839.html",Flyer,flyer-ungefalzt
Flyer & Falzflyer,"/flyer-faltblaetter,category,9839.html",Einbruchfalz,falzflyer-mittelfalz
Flyer & Falzflyer,"/flyer-faltblaetter,category,9839.html",Wickelfalz,falzflyer-wickelfalz
Flyer & Falzflyer,"/flyer-faltblaetter,category,9839.html",Zickzackfalz,falzflyer-zickzackfalz
Flyer & Falzflyer,"/flyer-faltblaetter,category,9839.html",Altarfalz/ Fensterfalz,falzflyer-fensterfalz
Flyer & Falzflyer,"/flyer-faltblaetter,category,9839.html",Doppelparallelfalz,falzflyer-doppelparallelfalz
Flyer & Falzflyer,"/flyer-faltblaetter,category,9839.html",Kreuzbruchfalz,falzflyer-kreuzbruchfalz
Flyer & Falzflyer,"/flyer-faltblaetter,category,9839.html",Spezial & Exklusiv,exklusive-flyer-und-faltblaetter-extrem-guenstig-drucken
Flyer & Falzflyer,"/flyer-faltblaetter,category,9839.html",Papier-Banderolen,papier-banderolen-extrem-guenstig-drucken
Plakate & Poster,"/plakate,category,9176.html",Standard & Topseller,extrem-guenstig-plakate-drucken-und-poster-drucken
Plakate & Poster,"/plakate,category,9176.html",Wahl- / Veranstaltungsplakate,wahlplakate-veranstaltungsplakate-guenstig-drucken
Plakate & Poster,"/plakate,category,9176.html",Werbeplakate für Außenwerbung,werbeplakate-auenwerbung-guenstig-drucken
Plakate & Poster,"/plakate,category,9176.html",Plakate aus besonderen Materialien,plakate-besonderen-material-guenstig-drucken
Visitenkarten,"/visitenkarten,category,9179.html",Standard & Topseller,bestprice-visitenkarten-extrem-guenstig-drucken
Visitenkarten,"/visitenkarten,category,9179.html",Visitenkarten aus Recycling- & Naturmaterialien,visitenkarten-aus-recycling-und-naturmaterialien-guenstig-drucken
Visitenkarten,"/visitenkarten,category,9179.html",Visitenkarten aus exklusiven Materialien,visitenkarten-aus-exklusiven-materialien-guenstig-drucken
Visitenkarten,"/visitenkarten,category,9179.html",Visitenkarten mit exklusiver Veredelung,visitenkarten-mit-exklusiver-veredelung-guenstig-drucken
Broschüren & Kataloge,"/extrem-guenstig-broschueren-drucken,category,13266.html",Broschüren (Drahtheftung),broschuere-drahtheftung
Broschüren & Kataloge,"/extrem-guenstig-broschueren-drucken,category,13266.html",Broschüren (Ringösen),extrem-guenstig-broschueren-mit-ringoesenheftung
Broschüren & Kataloge,"/extrem-guenstig-broschueren-drucken,category,13266.html",Broschüren (Klebebindung),broschuere-klebebindung
Broschüren & Kataloge,"/extrem-guenstig-broschueren-drucken,category,13266.html",Broschüren (Spiralbindung),extrem-guenstig-broschueren-drucken-mit-spiralbindung
Broschüren & Kataloge,"/extrem-guenstig-broschueren-drucken,category,13266.html",Papier-Banderolen,papier-banderolen-extrem-guenstig-drucken
Broschüren & Kataloge,"/extrem-guenstig-broschueren-drucken,category,13266.html",Broschüren gestalten lassen,broschueren-gestalten-lassen-zum-guenstigen-festpreis
Aufkleber,"/extrem-guenstig-aufkleber-drucken,category,9838.html",Standard<br>& Topseller,aufkleber-standard-topseller-extrem-guenstig-drucken
Aufkleber,"/extrem-guenstig-aufkleber-drucken,category,9838.html",Nachhaltige Indoor-Aufkleber,nachhaltige-indoor-aufkleber-guenstig-drucken
Aufkleber,"/extrem-guenstig-aufkleber-drucken,category,9838.html",Aufkleber aus<br>Spezialmaterial für Indoor &<br>Outdoor,aufkleber-spezialmaterial-indoor-outdoor-guenstig-drucken
Aufkleber,"/extrem-guenstig-aufkleber-drucken,category,9838.html",Aufkleber für<br>Spezial-<br>anwendungen,aufkleber-spezialanwendungen-guenstig-drucken
Aufkleber,"/extrem-guenstig-aufkleber-drucken,category,9838.html",PVC-freie<br>Aufkleber,pvc-freie-aufkleber-guenstig-drucken
Aufkleber,"/extrem-guenstig-aufkleber-drucken,category,9838.html",Aufkleber mit Textilstruktur,aufkleber-mit-textilstruktur-extrem-guenstig-online-drucken-lassen
Banner & Planen,"/extrem-guenstig-planen-drucken,category,13424.html",,
Briefpapier,"/briefpapier,category,9466.html",Klassisches Briefpapier,klassisches-briefpapier-guenstig-drucken
Briefpapier,"/briefpapier,category,9466.html",Briefpapier Spezial & Exklusiv,briefpapier-spezial-exklusiv-guenstig-drucken
Briefpapier,"/briefpapier,category,9466.html",Briefpapier aus Recycling- und Naturmaterialien,briefpapier-recycling-und-naturmaterialien-guenstig-drucken
Briefpapier,"/briefpapier,category,9466.html",Kurzbriefe,kurzbriefe-guenstig-drucken
Briefpapier,"/briefpapier,category,9466.html",Briefpapier gestalten lassen,briefpapier-gestalten-lassen-zum-guenstigen-festpreis
Schilder &<br> Plattendruck,"/schilder-plattendruck-plattendirektdruck-extrem-guenstig,category,15829.html",Schilder & Platten aus Aluminium,schilder-platten-aluminiumverbund-guenstig-drucken
Schilder &<br> Plattendruck,"/schilder-plattendruck-plattendirektdruck-extrem-guenstig,category,15829.html",Schilder & Platten aus Kunststoff,schilder-und-platten-kunststoff-guenstig-drucken
Schilder &<br> Plattendruck,"/schilder-plattendruck-plattendirektdruck-extrem-guenstig,category,15829.html",Schilder & Platten aus Glas,schilder-und-platten-acrylglas-guenstig-drucken
Schilder &<br> Plattendruck,"/schilder-plattendruck-plattendirektdruck-extrem-guenstig,category,15829.html",Schilder & Platten aus Wellpappe und Karton,schilder-und-platten-wellpappe-karton-guenstig-drucken
Schilder &<br> Plattendruck,"/schilder-plattendruck-plattendirektdruck-extrem-guenstig,category,15829.html",Schilder & Platten aus Holz,schilder-und-platten-holz-guenstig-drucken
Schilder &<br> Plattendruck,"/schilder-plattendruck-plattendirektdruck-extrem-guenstig,category,15829.html",Schilder & Platten nach Verwendungszweck,schilder-und-platten-verwendungszweck-guenstig-drucken
Schilder &<br> Plattendruck,"/schilder-plattendruck-plattendirektdruck-extrem-guenstig,category,15829.html",Hohlkammerplatten aus Recyclingmaterial,hohlkammerplatte-aus-recyclingmaterial-guenstig-drucken
Schilder &<br> Plattendruck,"/schilder-plattendruck-plattendirektdruck-extrem-guenstig,category,15829.html",Firmenschilder,firmenschilder-drucken-lassen-online-extrem-guenstig
Schilder &<br> Plattendruck,"/schilder-plattendruck-plattendirektdruck-extrem-guenstig,category,15829.html",Nasenschilder für Makler,nasenschilder-extrem-guenstig-online-drucken
Schilder &<br> Plattendruck,"/schilder-plattendruck-plattendirektdruck-extrem-guenstig,category,15829.html",Zubehör für Schilder & Platten,zubehoer-schilder-und-platten-guenstig-kaufen
Postkarten,"/postkarten-drucken,category,9484.html",Klassische Postkarten - Standard und Topseller,klassische-postkarten-standard-topseller-guenstig-drucken
Postkarten,"/postkarten-drucken,category,9484.html",Postkarten mit exklusiven Veredelungen,postkarten-mit-exklusiven-veredelungen-guenstig-drucken
Postkarten,"/postkarten-drucken,category,9484.html",Postkarten aus verschiedenen Materialien,postkarten-aus-verschiedenen-materialien-guenstig-drucken
Postkarten,"/postkarten-drucken,category,9484.html",Weitere Postkartenprodukte,weitere-postkartenprodukte-guenstig-drucken
Etiketten auf<br> Rolle,"/etiketten-auf-rolle-guenstig-online-drucken-lassen,category,17017.html",Standard und Topseller,standardetiketten-guenstig-drucken
Etiketten auf<br> Rolle,"/etiketten-auf-rolle-guenstig-online-drucken-lassen,category,17017.html",Etiketten für maschinelle Verarbeitung,etiketten-fuer-maschinelle-verarbeitung-guenstig-drucken
Etiketten auf<br> Rolle,"/etiketten-auf-rolle-guenstig-online-drucken-lassen,category,17017.html",Nachhaltige<br>Etiketten,nachhaltige-etiketten-guenstig-drucken
Etiketten auf<br> Rolle,"/etiketten-auf-rolle-guenstig-online-drucken-lassen,category,17017.html",Spezialmaterial und Spezial-<br>anwendung,spezial-etiketten-guenstig-drucken
Etiketten auf<br> Rolle,"/etiketten-auf-rolle-guenstig-online-drucken-lassen,category,17017.html",Unbedruckt für Inkjet/Thermo/Thermotransfer,nachtraeglich-bedruckbare-etikette-guenstig-kaufen
T-Shirts,"/t-shirts-extrem-guenstig-bedrucken-selbst-gestalten,category,15876.html",T-Shirts Topseller,t-shirts-topseller-guenstig-drucken
T-Shirts,"/t-shirts-extrem-guenstig-bedrucken-selbst-gestalten,category,15876.html",T-Shirts individuell personalisierbar,t-shirts-individuell-guenstig-personalisieren
T-Shirts,"/t-shirts-extrem-guenstig-bedrucken-selbst-gestalten,category,15876.html",T-Shirts nach Druckverfahren,t-shirts-in-verschiedenen-druckverfahren-guenstig-drucken
T-Shirts,"/t-shirts-extrem-guenstig-bedrucken-selbst-gestalten,category,15876.html",T-Shirts mit Standardmotiven,t-shirts-standardmotive-guenstig-drucken
Einladungskarten,"/einladungskarten-grusskarten,category,9485.html",Standard & Topseller,topseller-einladungskarten-extrem-guenstig-drucken
Einladungskarten,"/einladungskarten-grusskarten,category,9485.html",Mit vollflächigem UV-Lack,einladungskarten-mit-vollflaechigem-uv-lack-extrem-guenstig-drucken
Einladungskarten,"/einladungskarten-grusskarten,category,9485.html",Mit partiellem UV-Lack,einladungskarten-mit-partiellem-uv-lack-extrem-guenstig-drucken
Einladungskarten,"/einladungskarten-grusskarten,category,9485.html",Mit partiellem Glitzer-Lack,einladungskarten-mit-partiellem-glitzer-lack-extrem-guenstig-drucken
Einladungskarten,"/einladungskarten-grusskarten,category,9485.html",Mit Sonderfarbe Gold,einladungskarten-mit-sonderfarbe-gold-extrem-guenstig-drucken
Einladungskarten,"/einladungskarten-grusskarten,category,9485.html",Mit Sonderfarbe Silber,einladungskarten-mit-sonderfarbe-silber-extrem-guenstig-drucken
Einladungskarten,"/einladungskarten-grusskarten,category,9485.html",Einladungskarten mit Duftlack,einladungskarten-duft-lack-extrem-guenstig-drucken
Einladungskarten,"/einladungskarten-grusskarten,category,9485.html",Einladungskarten gestalten lassen,einladungskarten-gestalten-lassen-zum-guenstigen-festpreis
Einladungskarten,"/einladungskarten-grusskarten,category,9485.html",Multiloft-Karten mit Farbkern,flyer-multiloft-extrem-guenstig-drucken
Bücher,"/buch-drucken-buecher-drucken-guenstig-dina4-dina5-dina6-din-lang-quer-hardcover-pur-klebebindung,category,12529.html",Unsere Topseller,buecher-unsere-topseller-guenstig-drucken
Bücher,"/buch-drucken-buecher-drucken-guenstig-dina4-dina5-dina6-din-lang-quer-hardcover-pur-klebebindung,category,12529.html",Bücher mit Hardcover (fester Umschlag),buecher-mit-hardcover-guenstig-drucken
Bücher,"/buch-drucken-buecher-drucken-guenstig-dina4-dina5-dina6-din-lang-quer-hardcover-pur-klebebindung,category,12529.html",Bücher mit Softcover (flexibler Umschlag),buecher-mit-softcover-guenstig-drucken
Bücher,"/buch-drucken-buecher-drucken-guenstig-dina4-dina5-dina6-din-lang-quer-hardcover-pur-klebebindung,category,12529.html",Weitere Buchtypen + Zubehör,verwandte-produkte-buecher-guenstig-drucken
Kostenlose<br> Produkte,"/kostenlose-produkte-gratis,category,12922.html",Gratis Visitenkarten,kostenlose-visitenkarten-gratis
Blöcke,"/guenstig-bloecke-bedrucken,category,9473.html",,
Roll-Up Displays,"/rollup-banner-display-roll-up,category,10943.html",,
Briefumschläge,"/guenstig-briefumschlaege-bedrucken,category,9470.html",Briefumschläge einseitig bedruckt,guenstig-briefumschlaege-einseitig-bedrucken
Briefumschläge,"/guenstig-briefumschlaege-bedrucken,category,9470.html",Briefumschläge einseitig bedruckt (Rückseite),briefumschlaege-einseitig-rueckseite-guenstig-drucken
Briefumschläge,"/guenstig-briefumschlaege-bedrucken,category,9470.html",Briefumschläge beidseitig bedruckt,guenstig-briefumschlaege-beidseitig-bedrucken
Briefumschläge,"/guenstig-briefumschlaege-bedrucken,category,9470.html",Briefumschläge vorgedruckt mit Frankierwelle,guenstig-briefumschlaege-mit-frankierwelle-bedrucken
Briefumschläge,"/guenstig-briefumschlaege-bedrucken,category,9470.html",Briefumschläge unbedruckt,guenstig-briefumschlaege-ohne-aufdruck-bedrucken
Briefumschläge,"/guenstig-briefumschlaege-bedrucken,category,9470.html",Briefumschläge gestalten lassen,briefumschlaege-gestalten-lassen-zum-guenstigen-festpreis
Klebefolien,"/extrem-guenstig-folien-drucken-lassen,category,19152.html",,
Stempel,"/stempel-extrem-guenstig-drucken,category,13567.html",,
Durchschreibesätze,"/selbstdurchschreibesaetze-drucken,category,9478.html",Durchschreibesätze,durchschreibesaetze-einzeln-guenstig-drucken
Durchschreibesätze,"/selbstdurchschreibesaetze-drucken,category,9478.html",Durchschreibesätze als Block mit 25 Sätzen,durchschreibesaetze-block-25-guenstig-drucken
Durchschreibesätze,"/selbstdurchschreibesaetze-drucken,category,9478.html",Durchschreibesätze als Block mit 50 Sätzen,durchschreibesaetze-block-50-guenstig-drucken
Durchschreibesätze,"/selbstdurchschreibesaetze-drucken,category,9478.html",Durchschreibesätze als Block mit 100 Sätzen,durchschreibesaetze-block-100-guenstig-drucken
Durchschreibesätze,"/selbstdurchschreibesaetze-drucken,category,9478.html",SD-Sätze gestalten lassen,selbstdurchschreibesaetze-gestalten-lassen-zum-guenstigen-festpreis
Tassen & Kaffeebecher,"/fototassen-bedrucken-online-drucken-lassen,category,16668.html",Fototassen,fototassen-topseller-bedrucken-online-drucken-lassen
Tassen & Kaffeebecher,"/fototassen-bedrucken-online-drucken-lassen,category,16668.html",Werbetassen,werbetassen-online-drucken-lassen
Tassen & Kaffeebecher,"/fototassen-bedrucken-online-drucken-lassen,category,16668.html",Outdoor-Tassen,outdoor-tassen-guenstig-drucken
Magnetfolien,"/magnetfolien-extrem-guenstig-drucken,category,13780.html",Autotür-Magnetfolie,autotuer-magnetfolien-extrem-guenstig-drucken
Magnetfolien,"/magnetfolien-extrem-guenstig-drucken,category,13780.html",KFZ-Magnetfolie,kfz-magnetfolien-extrem-guenstig-drucken
Magnetfolien,"/magnetfolien-extrem-guenstig-drucken,category,13780.html",Kühlschrank-Magnetfolie,kuehlschrank-magnetfolien-extrem-guenstig-drucken
Magnetfolien,"/magnetfolien-extrem-guenstig-drucken,category,13780.html",Schultafel-Magnetfolie,schultafel-magnetfolien-extrem-guenstig-drucken
Magnetfolien,"/magnetfolien-extrem-guenstig-drucken,category,13780.html",Magnetfolie selbstklebend,magnetfolie-selbstklebend-extrem-guenstig-drucken
Magnetfolien,"/magnetfolien-extrem-guenstig-drucken,category,13780.html",Wechselwerbung Magnetfolie,magnetfolie-wechselwerbung-bedruckt-guenstig-bestellen
Magnetfolien,"/magnetfolien-extrem-guenstig-drucken,category,13780.html",Ferrofolie/<br> Eisenfolie,ferrofolie-extrem-guenstig-drucken
Magnetfolien,"/magnetfolien-extrem-guenstig-drucken,category,13780.html",Magnetfolie gestalten lassen,magnetfolie-gestalten-lassen-zum-guenstigen-festpreis
Magnetfolien,"/magnetfolien-extrem-guenstig-drucken,category,13780.html",Magnetische<br>Visitenkarten,visitenkarten-magnetisch-bedruckt-guenstig-bestellen
Plastikkarten,"/plastikkarten-kunststoffkarten-guenstig-760m-600m-450m,category,12255.html",Standard & Topseller,bedruckte-plastikkarten-extrem-guenstig
Plastikkarten,"/plastikkarten-kunststoffkarten-guenstig-760m-600m-450m,category,12255.html",Plastikkarten ECO,eco-plastikkarten-online-drucken
Plastikkarten,"/plastikkarten-kunststoffkarten-guenstig-760m-600m-450m,category,12255.html",Plastikkarten mit Heißfolienprägung,plastikkarten--mit-heissfolienpraegung-extrem-guenstig
Plastikkarten,"/plastikkarten-kunststoffkarten-guenstig-760m-600m-450m,category,12255.html",Plastikkarten mit partiellem UV-Lack,plastikkarten-partieller-uv-lack-guenstig-drucken
Plastikkarten,"/plastikkarten-kunststoffkarten-guenstig-760m-600m-450m,category,12255.html",RFID-Karten,bedruckte-rfid-plastikkarten-extrem-guenstig
Plastikkarten,"/plastikkarten-kunststoffkarten-guenstig-760m-600m-450m,category,12255.html",RFID-Blocker,plastikkarten-rfid-blocker-guenstig-drucken
Plastikkarten,"/plastikkarten-kunststoffkarten-guenstig-760m-600m-450m,category,12255.html",Chipkarten,bedruckte-chipkarten-extrem-guenstig
Plastikkarten,"/plastikkarten-kunststoffkarten-guenstig-760m-600m-450m,category,12255.html",Magnetkarten,magnetstreifen-loco-extrem-guenstig
Plastikkarten,"/plastikkarten-kunststoffkarten-guenstig-760m-600m-450m,category,12255.html",Plastikkarten mit antimikrobieller Laminierung,plastikkarten-antimikrobielle-laminierung-guenstig-drucken
Plastikkarten,"/plastikkarten-kunststoffkarten-guenstig-760m-600m-450m,category,12255.html",Hologrammkarten,bedruckte-hologrammkarten-extrem-guenstig
Plastikkarten,"/plastikkarten-kunststoffkarten-guenstig-760m-600m-450m,category,12255.html",Ausweiskarten,bedruckte-ausweiskarten-extrem-guenstig
Plastikkarten,"/plastikkarten-kunststoffkarten-guenstig-760m-600m-450m,category,12255.html",Bonuskarten,bedruckte-bonuskarten-extrem-guenstig
Plastikkarten,"/plastikkarten-kunststoffkarten-guenstig-760m-600m-450m,category,12255.html",Kundenkarten,bedruckte-kundenkarten-extrem-guenstig
Plastikkarten,"/plastikkarten-kunststoffkarten-guenstig-760m-600m-450m,category,12255.html",VIP-Karten,bedruckte-vip-karten-extrem-guenstig
Plastikkarten,"/plastikkarten-kunststoffkarten-guenstig-760m-600m-450m,category,12255.html",Mitgliedskarten,bedruckte-mitgliedskarten-extrem-guenstig
Plastikkarten,"/plastikkarten-kunststoffkarten-guenstig-760m-600m-450m,category,12255.html",Geschäftskarten,bedruckte-geschaeftskarten-extrem-guenstig
Plastikkarten,"/plastikkarten-kunststoffkarten-guenstig-760m-600m-450m,category,12255.html",Zubehör für Karten,zubehoer-plastikkarten-extrem-guenstig-lassen
Plastikkarten,"/plastikkarten-kunststoffkarten-guenstig-760m-600m-450m,category,12255.html",Kartenhüllen,kartenhuellen-extrem-guenstig-drucken
Plastikkarten,"/plastikkarten-kunststoffkarten-guenstig-760m-600m-450m,category,12255.html",Plastikkarten gestalten lassen,plastikkarten-gestalten-lassen-zum-guenstigen-festpreis
Bierdeckel,"/bierdeckel-drucken-runde-oder-quadratische-bierglasuntersetzer,category,10108.html",Standard & Topseller,bierdeckel-topseller-extrem-guenstig-drucken
Bierdeckel,"/bierdeckel-drucken-runde-oder-quadratische-bierglasuntersetzer,category,10108.html",Bierdeckel oval,bierdeckel-oval-extrem-guenstig-drucken
Bierdeckel,"/bierdeckel-drucken-runde-oder-quadratische-bierglasuntersetzer,category,10108.html",Bierdeckel Dreieck,bierdeckel-dreieck-extrem-guenstig-drucken
Bierdeckel,"/bierdeckel-drucken-runde-oder-quadratische-bierglasuntersetzer,category,10108.html",Bierdeckel Sechseck,bierdeckel-sechseck-extrem-guenstig-drucken
Bierdeckel,"/bierdeckel-drucken-runde-oder-quadratische-bierglasuntersetzer,category,10108.html",Bierdeckel Herz,bierdeckel-herz-extrem-guenstig-drucken
Bierdeckel,"/bierdeckel-drucken-runde-oder-quadratische-bierglasuntersetzer,category,10108.html",Bierdeckel Wappen,bierdeckel-wappen-extrem-guenstig-drucken
Bierdeckel,"/bierdeckel-drucken-runde-oder-quadratische-bierglasuntersetzer,category,10108.html",Bierdeckel Doppelkreis,bierdeckel-doppelkreis-extrem-guenstig-drucken
Bierdeckel,"/bierdeckel-drucken-runde-oder-quadratische-bierglasuntersetzer,category,10108.html",Bierdeckel gebohrt,bierdeckel-gebohrt-extrem-guenstig-drucken
Bierdeckel,"/bierdeckel-drucken-runde-oder-quadratische-bierglasuntersetzer,category,10108.html",Bierdeckel gestalten lassen,bierdeckel-gestalten-lassen-zum-guenstigen-festpreis
Fotoleinwand / Keilrahmen,"/foto-leinwand-extrem-guenstig-drucken,category,13855.html",Leinwände im Freiformat,leinwaende-freiformat-guenstig-drucken
Fotoleinwand / Keilrahmen,"/foto-leinwand-extrem-guenstig-drucken,category,13855.html",Leinwände im Standardformat,leinwaende-standardformat-guenstig-drucken
Fahnen & Flaggen,"/fahnen-flaggen-extrem-guenstig-drucken-lassen,category,15252.html",Hissfahnen,hissfahnen-extrem-guenstig-drucken
Fahnen & Flaggen,"/fahnen-flaggen-extrem-guenstig-drucken-lassen,category,15252.html",Papierfahnen,papierfahnen-extrem-guenstig-drucken
Fahnen & Flaggen,"/fahnen-flaggen-extrem-guenstig-drucken-lassen,category,15252.html",Fahnenketten,fahnenketten-extrem-guenstig-drucken
Fahnen & Flaggen,"/fahnen-flaggen-extrem-guenstig-drucken-lassen,category,15252.html",Autofahnen,autofahnen-extrem-guenstig-drucken
Fahnen & Flaggen,"/fahnen-flaggen-extrem-guenstig-drucken-lassen,category,15252.html",Beachflags,beachflags-dropflags-squareflags-straightflags-drucken-lassen
Fahnen & Flaggen,"/fahnen-flaggen-extrem-guenstig-drucken-lassen,category,15252.html",Snowflags,snowflags-dropflags-squareflags-straightflags-drucken-lassen
Fahnen & Flaggen,"/fahnen-flaggen-extrem-guenstig-drucken-lassen,category,15252.html",Tischfahnen<br>46 cm hoch,tischfahnen-drucken-lassen
Backlightfolie,"/extrem-guenstig-backlightfolie-drucken,category,9769.html",Backlightfolien klassisch,backlightfolien-klassisch-guenstig-drucken
Backlightfolie,"/extrem-guenstig-backlightfolie-drucken,category,9769.html",Backlightfolien laminiert,backlightfolien-laminiert-guenstig-drucken
Backlightfolie,"/extrem-guenstig-backlightfolie-drucken,category,9769.html",Backlightfolien laminiert & selbstklebend,backlightfolien-laminiert-selbstklebend-guenstig-drucken
Backlightfolie,"/extrem-guenstig-backlightfolie-drucken,category,9769.html",Backlightfolie gestalten lassen,backlightfolie-gestalten-lassen-zum-guenstigen-festpreis
Hochzeitszeitung,"/hochzeitszeitung-drucken,category,13416.html",Hochzeitszeitung DIN A4,hochzeitszeitung-din-a4-extrem-guenstig-drucken
Hochzeitszeitung,"/hochzeitszeitung-drucken,category,13416.html",Hochzeitszeitung DIN A5,hochzeitszeitung-din-a5-extrem-guenstig-drucken
Hochzeitszeitung,"/hochzeitszeitung-drucken,category,13416.html",Hochzeitszeitung<br>21 x 21 cm,hochzeitszeitung-210-x-210-mm-extrem-guenstig-drucken
Hochzeitszeitung,"/hochzeitszeitung-drucken,category,13416.html",Hochzeitszeitung gestalten lassen,hochzeitszeitung-gestalten-lassen-zum-guenstigen-festpreis
Präsentationsmappen,"/praesentationsmappen,category,9418.html",Außenseite farbig bedruckt (4/0),mappe-einseitig-bedruckt-extrem-guenstig-online-bestellen
Präsentationsmappen,"/praesentationsmappen,category,9418.html",Außen- und Innenseite farbig bedruckt (4/4),mappe-beidseitig-bedruckt-extrem-guenstig-online-bestellen
Geburtstagskarten,"/geburtstagskarten-extrem-guenstig-drucken,category,14675.html",DIN lang hoch<br>(98/105 x 210),geburtstagskarten-din-lang-hoch-extrem-guenstig-drucken
Geburtstagskarten,"/geburtstagskarten-extrem-guenstig-drucken,category,14675.html",DIN lang quer<br>(210 x 98/105),geburtstagskarten-din-lang-quer-extrem-guenstig-drucken
Geburtstagskarten,"/geburtstagskarten-extrem-guenstig-drucken,category,14675.html",DIN A7 hoch<br>(74 x 105 mm),geburtstagskarten-din-a7-hoch-extrem-guenstig-drucken
Geburtstagskarten,"/geburtstagskarten-extrem-guenstig-drucken,category,14675.html",DIN A7 quer<br>(105 x 74 mm),geburtstagskarten-din-a7-quer-extrem-guenstig-drucken
Geburtstagskarten,"/geburtstagskarten-extrem-guenstig-drucken,category,14675.html",DIN A6 hoch<br>(105 x 148 mm),geburtstagskarten-din-a6-hoch-extrem-guenstig-drucken
Geburtstagskarten,"/geburtstagskarten-extrem-guenstig-drucken,category,14675.html",DIN A6 quer<br>(148 x 105 mm),geburtstagskarten-din-a6-quer-extrem-guenstig-drucken
Geburtstagskarten,"/geburtstagskarten-extrem-guenstig-drucken,category,14675.html",DIN A5 hoch<br>(148 x 210 mm),geburtstagskarten-din-a5-hoch-extrem-guenstig-drucken
Geburtstagskarten,"/geburtstagskarten-extrem-guenstig-drucken,category,14675.html",DIN A5 quer<br>(210 x 148 mm),geburtstagskarten-din-a5-quer-extrem-guenstig-drucken
Geburtstagskarten,"/geburtstagskarten-extrem-guenstig-drucken,category,14675.html",Quadrat<br>(98 x 98 mm),geburtstagskarten-quadrat-98-x-98-mm-extrem-guenstig-drucken
Geburtstagskarten,"/geburtstagskarten-extrem-guenstig-drucken,category,14675.html",Quadrat<br>(100 x 100 mm),geburtstagskarten-quadrat-100-x-100-mm-extrem-guenstig-drucken
Geburtstagskarten,"/geburtstagskarten-extrem-guenstig-drucken,category,14675.html",Quadrat<br>(105 x 105 mm),geburtstagskarten-quadrat-105-x-105-mm-extrem-guenstig-drucken
Geburtstagskarten,"/geburtstagskarten-extrem-guenstig-drucken,category,14675.html",Quadrat<br>(120 x 120 mm),geburtstagskarten-quadrat-120-x-120-mm-extrem-guenstig-drucken
Geburtstagskarten,"/geburtstagskarten-extrem-guenstig-drucken,category,14675.html",Quadrat<br>(148 x 148 mm),geburtstagskarten-quadrat-148-x-148-mm-extrem-guenstig-drucken
Geburtstagskarten,"/geburtstagskarten-extrem-guenstig-drucken,category,14675.html",Geburtstagskarten gestalten lassen,geburtstagskarten-gestalten-lassen-zum-guenstigen-festpreis
Geburtstagskarten,"/geburtstagskarten-extrem-guenstig-drucken,category,14675.html",Multiloft-Karten mit Farbkern,flyer-multiloft-extrem-guenstig-drucken
Hochzeitskarten,"/hochzeitskarten-extrem-guenstig-drucken,category,13928.html",Standard & Topseller,standard-und-topseller-hochzeitskarten-extrem-guenstig-drucken
Hochzeitskarten,"/hochzeitskarten-extrem-guenstig-drucken,category,13928.html",Mit vollflächigem UV-Lack,hochzeitskarten-mit-vollflaechigem-uv-lack-extrem-guenstig-drucken
Hochzeitskarten,"/hochzeitskarten-extrem-guenstig-drucken,category,13928.html",Mit partiellem UV-Lack,hochzeitskarten-mit-partiellem-uv-lack-extrem-guenstig-drucken
Hochzeitskarten,"/hochzeitskarten-extrem-guenstig-drucken,category,13928.html",Mit partiellem Glitzer-Lack,hochzeitskarten-mit-partiellem-glitzer-lack-extrem-guenstig-drucken
Hochzeitskarten,"/hochzeitskarten-extrem-guenstig-drucken,category,13928.html",Mit Sonderfarbe Gold,hochzeitskarten-mit-sonderfarbe-gold-extrem-guenstig-drucken
Hochzeitskarten,"/hochzeitskarten-extrem-guenstig-drucken,category,13928.html",Mit Sonderfarbe Silber,hochzeitskarten-mit-sonderfarbe-silber-extrem-guenstig-drucken
Hochzeitskarten,"/hochzeitskarten-extrem-guenstig-drucken,category,13928.html",Hochzeitskarte gestalten lassen,hochzeitskarte-gestalten-lassen-zum-guenstigen-festpreis
Hochzeitskarten,"/hochzeitskarten-extrem-guenstig-drucken,category,13928.html",Multiloft-Karten mit Farbkern,flyer-multiloft-extrem-guenstig-drucken
Werbetechnik,"/werbetechnik-werbesysteme,category,10942.html",Faltzelt/Faltpavillons,faltzelte-faltpavillons-guenstig-drucken
Werbetechnik,"/werbetechnik-werbesysteme,category,10942.html",Topseller für großartige Messen & Events,topseller-messen-und-events-guenstig-drucken
Werbetechnik,"/werbetechnik-werbesysteme,category,10942.html",Roll-ups & Werbedisplays,roll-ups-und-werbedisplays-guenstig-drucken
Werbetechnik,"/werbetechnik-werbesysteme,category,10942.html",Messetheken,bedruckte-messetheke-extrem-guenstig-und-schnell
Werbetechnik,"/werbetechnik-werbesysteme,category,10942.html",Messewände & Faltdisplays,messewaende-und-faltdisplays-guenstig-drucken
Werbetechnik,"/werbetechnik-werbesysteme,category,10942.html",Beachflags & Werbefahnen,beachflags-und-werbefahnen-guenstig-drucken
Werbetechnik,"/werbetechnik-werbesysteme,category,10942.html",Werbebanner,werbebanner-guenstig-drucken
Werbetechnik,"/werbetechnik-werbesysteme,category,10942.html",Werbeschilder,werbeschilder-guenstig-drucken
Werbetechnik,"/werbetechnik-werbesysteme,category,10942.html",Werbefolien,werbefolien-guenstig-drucken
Werbetechnik,"/werbetechnik-werbesysteme,category,10942.html",Wandbilder,wandbilder-guenstig-drucken
Werbetechnik,"/werbetechnik-werbesysteme,category,10942.html",Sitzgelegenheiten & Bodenbeläge,sitzgelegenheiten-und-bodenbelaege-guenstig-drucken
Werbetechnik,"/werbetechnik-werbesysteme,category,10942.html",Werbesäulen,werbesaeulen-guenstig-drucken
Werbetechnik,"/werbetechnik-werbesysteme,category,10942.html",Nachhaltige Werbetechnik,nachhaltige-werbetechnik-guenstig-drucken
Werbetechnik,"/werbetechnik-werbesysteme,category,10942.html",Zubehör für Werbetechnik,werbetechnik-zubehoer-extrem-guenstig-online-bestellen
Weihnachtskarten,"/weihnachtskarten-extrem-guenstig-drucken,category,13775.html",Standard & Topseller,standard-und-topseller-weihnachtskarten-extrem-guenstig-drucken
Weihnachtskarten,"/weihnachtskarten-extrem-guenstig-drucken,category,13775.html",Weihnachtskarten mit exklusiver Veredelung,weihnachtskarten-exklusive-veredelung-guenstig-drucken
Weihnachtskarten,"/weihnachtskarten-extrem-guenstig-drucken,category,13775.html",Weitere Weihnachtskarten,weitere-weihnachtskarten-guenstig-drucken
Loseblattsammlung,"/loseblattsammlung-loseblattwerk-drucken-lassen,category,17408.html",vorne schwarz<br>(1/0),loseblattsammlung-loseblattwerk-vorne-schwarz-drucken-lassen
Loseblattsammlung,"/loseblattsammlung-loseblattwerk-drucken-lassen,category,17408.html",vorne+hinten schwarz (1/1),loseblattsammlung-loseblattwerk-vorne-hinten-schwarz-drucken-lassen
Loseblattsammlung,"/loseblattsammlung-loseblattwerk-drucken-lassen,category,17408.html",vorne farbig<br>(4/0),loseblattsammlung-loseblattwerk-vorne-farbig-drucken-lassen
Loseblattsammlung,"/loseblattsammlung-loseblattwerk-drucken-lassen,category,17408.html",vorne farbig+hinten sw (4/1),loseblattsammlung-loseblattwerk-vorne-farbig-hinten-schwarz-drucken-lassen
Loseblattsammlung,"/loseblattsammlung-loseblattwerk-drucken-lassen,category,17408.html",vorne+hinten farbig (4/4),loseblattsammlung-loseblattwerk-vorne-hinten-farbig-drucken-lassen
Layout- und Grafikbüro,"/grafikbuero-druckdaten-erstellen,category,13312.html",Abizeitung gestalten lassen,abizeitung-gestalten-lassen-zum-guenstigen-festpreis
Layout- und Grafikbüro,"/grafikbuero-druckdaten-erstellen,category,13312.html",Aufkleber gestalten lassen,aufkleber-gestalten-lassen-zum-guenstigen-festpreis
Layout- und Grafikbüro,"/grafikbuero-druckdaten-erstellen,category,13312.html",Backlightfolie gestalten lassen,backlightfolie-gestalten-lassen-zum-guenstigen-festpreis
Layout- und Grafikbüro,"/grafikbuero-druckdaten-erstellen,category,13312.html",Banner gestalten lassen,banner-planen-gestalten-lassen-zum-guenstigen-festpreis
Layout- und Grafikbüro,"/grafikbuero-druckdaten-erstellen,category,13312.html",Bierdeckel gestalten lassen,bierdeckel-gestalten-lassen-zum-guenstigen-festpreis
Layout- und Grafikbüro,"/grafikbuero-druckdaten-erstellen,category,13312.html",Blöcke gestalten lassen,bloecke-gestalten-lassen-zum-guenstigen-festpreis
Layout- und Grafikbüro,"/grafikbuero-druckdaten-erstellen,category,13312.html",Briefpapier gestalten lassen,briefpapier-gestalten-lassen-zum-guenstigen-festpreis
Layout- und Grafikbüro,"/grafikbuero-druckdaten-erstellen,category,13312.html",Briefumschläge gestalten lassen,briefumschlaege-gestalten-lassen-zum-guenstigen-festpreis
Layout- und Grafikbüro,"/grafikbuero-druckdaten-erstellen,category,13312.html",Broschüren gestalten lassen,broschueren-gestalten-lassen-zum-guenstigen-festpreis
Layout- und Grafikbüro,"/grafikbuero-druckdaten-erstellen,category,13312.html",Einladungskarten gestalten lassen,einladungskarten-gestalten-lassen-zum-guenstigen-festpreis
Layout- und Grafikbüro,"/grafikbuero-druckdaten-erstellen,category,13312.html",Eintrittskarten gestalten lassen,eintrittskarten-gestalten-lassen-zum-guenstigen-festpreis
Layout- und Grafikbüro,"/grafikbuero-druckdaten-erstellen,category,13312.html",Fahnen gestalten lassen,fahnen-gestalten-lassen-zum-guenstigen-festpreis
Layout- und Grafikbüro,"/grafikbuero-druckdaten-erstellen,category,13312.html",Figürliche Flyer gestalten lassen,figuerliche-flyer-gestalten-lassen-zum-guenstigen-festpreis
Layout- und Grafikbüro,"/grafikbuero-druckdaten-erstellen,category,13312.html",Firmenlogo gestalten lassen,firmenlogo-gestalten-lassen-zum-guenstigen-festpreis
Layout- und Grafikbüro,"/grafikbuero-druckdaten-erstellen,category,13312.html",Flyer gestalten lassen,flyer-gestalten-lassen-zum-guenstigen-festpreis
Layout- und Grafikbüro,"/grafikbuero-druckdaten-erstellen,category,13312.html",Fotoleinwand gestalten lassen,foto-leinwand-gestalten-lassen-zum-guenstigen-festpreis
Layout- und Grafikbüro,"/grafikbuero-druckdaten-erstellen,category,13312.html",Fußbodenaufkleber gestalten lassen,fussbodenaufkleber-gestalten-lassen-zum-guenstigen-festpreis
Layout- und Grafikbüro,"/grafikbuero-druckdaten-erstellen,category,13312.html",Geburtstagskarten gestalten lassen,geburtstagskarten-gestalten-lassen-zum-guenstigen-festpreis
Layout- und Grafikbüro,"/grafikbuero-druckdaten-erstellen,category,13312.html",Heft gestalten lassen,heft-gestalten-lassen-zum-guenstigen-festpreis
Layout- und Grafikbüro,"/grafikbuero-druckdaten-erstellen,category,13312.html",Hochzeitskarte gestalten lassen,hochzeitskarte-gestalten-lassen-zum-guenstigen-festpreis
Layout- und Grafikbüro,"/grafikbuero-druckdaten-erstellen,category,13312.html",Hochzeitszeitung gestalten lassen,hochzeitszeitung-gestalten-lassen-zum-guenstigen-festpreis
Layout- und Grafikbüro,"/grafikbuero-druckdaten-erstellen,category,13312.html",Magnetfolie gestalten lassen,magnetfolie-gestalten-lassen-zum-guenstigen-festpreis
Layout- und Grafikbüro,"/grafikbuero-druckdaten-erstellen,category,13312.html",Mappen gestalten lassen,mappen-gestalten-lassen-zum-guenstigen-festpreis
Layout- und Grafikbüro,"/grafikbuero-druckdaten-erstellen,category,13312.html",Messetheke gestalten lassen,messetheke-gestalten-lassen-zum-guenstigen-festpreis
Layout- und Grafikbüro,"/grafikbuero-druckdaten-erstellen,category,13312.html",Ordner gestalten lassen,ordner-gestalten-lassen-zum-guenstigen-festpreis
Layout- und Grafikbüro,"/grafikbuero-druckdaten-erstellen,category,13312.html",Osterkarte gestalten lassen,osterkarte-gestalten-lassen-zum-guenstigen-festpreis
Layout- und Grafikbüro,"/grafikbuero-druckdaten-erstellen,category,13312.html",Plakat gestalten lassen,plakat-gestalten-lassen-zum-guenstigen-festpreis
Layout- und Grafikbüro,"/grafikbuero-druckdaten-erstellen,category,13312.html",Plastikkarten gestalten lassen,plastikkarten-gestalten-lassen-zum-guenstigen-festpreis
Layout- und Grafikbüro,"/grafikbuero-druckdaten-erstellen,category,13312.html",Postkarten gestalten lassen,postkarten-gestalten-lassen-zum-guenstigen-festpreis
Layout- und Grafikbüro,"/grafikbuero-druckdaten-erstellen,category,13312.html",Roll-Ups gestalten lassen,roll-up-display-gestalten-lassen-zum-guenstigen-festpreis
Layout- und Grafikbüro,"/grafikbuero-druckdaten-erstellen,category,13312.html",Rubbellose gestalten lassen,rubbellose-gestalten-lassen-zum-guenstigen-festpreis
Layout- und Grafikbüro,"/grafikbuero-druckdaten-erstellen,category,13312.html",Schülerzeitung gestalten lassen,schuelerzeitung-gestalten-lassen-zum-guenstigen-festpreis
Layout- und Grafikbüro,"/grafikbuero-druckdaten-erstellen,category,13312.html",SD-Sätze gestalten lassen,selbstdurchschreibesaetze-gestalten-lassen-zum-guenstigen-festpreis
Layout- und Grafikbüro,"/grafikbuero-druckdaten-erstellen,category,13312.html",Gastrokarte gestalten lassen,speisekarte-gestalten-lassen-zum-guenstigen-festpreis
Layout- und Grafikbüro,"/grafikbuero-druckdaten-erstellen,category,13312.html",Stempel gestalten lassen,stempel-gestalten-lassen-zum-guenstigen-festpreis
Layout- und Grafikbüro,"/grafikbuero-druckdaten-erstellen,category,13312.html",Taufkarten gestalten lassen,taufkarten-gestalten-lassen-zum-guenstigen-festpreis
Layout- und Grafikbüro,"/grafikbuero-druckdaten-erstellen,category,13312.html",Thekendisplays gestalten lassen,thekendisplays-guenstig-gestalten-lassen
Layout- und Grafikbüro,"/grafikbuero-druckdaten-erstellen,category,13312.html",Tischaufsteller gestalten lassen,tischaufsteller-gestalten-lassen-zum-guenstigen-festpreis
Layout- und Grafikbüro,"/grafikbuero-druckdaten-erstellen,category,13312.html",Trauerkarte gestalten lassen,trauerkarte-gestalten-lassen-zum-guenstigen-festpreis
Layout- und Grafikbüro,"/grafikbuero-druckdaten-erstellen,category,13312.html",Türanhänger gestalten lassen,tueranhaenger-gestalten-lassen-zum-guenstigen-festpreis
Layout- und Grafikbüro,"/grafikbuero-druckdaten-erstellen,category,13312.html",Visitenkarte gestalten lassen,visitenkarte-gestalten-lassen-zum-guenstigen-festpreis
Layout- und Grafikbüro,"/grafikbuero-druckdaten-erstellen,category,13312.html",Weihnachtskarte gestalten lassen,weihnachtskarte-gestalten-lassen-zum-guenstigen-festpreis
Speisekarten,"/speisekarten-extrem-guenstig-online-drucken-lassen,category,18909.html",Speisekarten einfach,speisekarten-einfach-extrem-guenstig-online-drucken-lassen
Speisekarten,"/speisekarten-extrem-guenstig-online-drucken-lassen,category,18909.html",Speisekarten gefalzt,speisekarten-gefalzt-extrem-guenstig-online-drucken-lassen
Speisekarten,"/speisekarten-extrem-guenstig-online-drucken-lassen,category,18909.html",Speisekarten geklammert,speisekarten-geklammert-extrem-guenstig-online-drucken-lassen
Speisekarten,"/speisekarten-extrem-guenstig-online-drucken-lassen,category,18909.html",Speisekarten Wire-O Bindung,speisekarten-wire-o-extrem-guenstig-online-drucken-lassen
Speisekarten,"/speisekarten-extrem-guenstig-online-drucken-lassen,category,18909.html",Speisekarten Platten,speisekarten-platten-extrem-guenstig-online-drucken-lassen
Speisekarten,"/speisekarten-extrem-guenstig-online-drucken-lassen,category,18909.html",Pappspeisekarten,pappspeisekarten-extrem-guenstig-online-drucken-lassen
Speisekarten,"/speisekarten-extrem-guenstig-online-drucken-lassen,category,18909.html",Laminierte Speisekarten,laminierte-speisekarten-guenstig-drucken
Speisekarten,"/speisekarten-extrem-guenstig-online-drucken-lassen,category,18909.html",Gastrokarte gestalten lassen,speisekarte-gestalten-lassen-zum-guenstigen-festpreis
Getränkedosen (bedruckt),"/bedruckte-getraenkedosen-private-label-drinks-extrem-guenstig,category,15820.html",Alkoholfreie Getränke,alkoholfreie-getraenke-guenstig-drucken
Getränkedosen (bedruckt),"/bedruckte-getraenkedosen-private-label-drinks-extrem-guenstig,category,15820.html",Alkoholhaltige Getränke,alkoholhaltige-getraenke-guenstig-drucken
Fototapete,"/foto-tapete-extrem-guenstig-drucken,category,15140.html",,
Mousepads,"/mousepads-extrem-guenstig-online-drucken-lassen,category,17659.html",Kunststoff-Mousepads,kunststoff-mousepads-extrem-guenstig-online-drucken-lassen
Mousepads,"/mousepads-extrem-guenstig-online-drucken-lassen,category,17659.html",Textil-Mousepads,textil-mousepads-extrem-guenstig-online-drucken-lassen
Mousepads,"/mousepads-extrem-guenstig-online-drucken-lassen,category,17659.html",Kork-Mousepads,kork-mousepads-guenstig-kaufen
Mousepads,"/mousepads-extrem-guenstig-online-drucken-lassen,category,17659.html",Kunstleder-Mousepads,kunstleder-mousepads-guenstig-drucken
Taschen & Beutel,"/taschen-extrem-guenstig-drucken,category,20443.html",Rucksäcke,rucksaecke-guenstig-kaufen
Taschen & Beutel,"/taschen-extrem-guenstig-drucken,category,20443.html",Stofftaschen,stofftragetaschen-bedrucken-drucken-lassen-online
Taschen & Beutel,"/taschen-extrem-guenstig-drucken,category,20443.html",Non-Woven-Taschen,nonwoven-taschen-extrem-guenstig-drucken
Taschen & Beutel,"/taschen-extrem-guenstig-drucken,category,20443.html",Flaschentaschen,flaschentaschen-guenstig-drucken
Taschen & Beutel,"/taschen-extrem-guenstig-drucken,category,20443.html",Turnbeutel,turnbeutel-extrem-guenstig-drucken
Taschen & Beutel,"/taschen-extrem-guenstig-drucken,category,20443.html",Umhängetaschen bestickt,notebooktaschen-bestickt-guenstig-bestellen
Taschen & Beutel,"/taschen-extrem-guenstig-drucken,category,20443.html",Kühltaschen,kuehltaschen-guenstig-kaufen
Taschen & Beutel,"/taschen-extrem-guenstig-drucken,category,20443.html",Laptoptaschen,laptoptragetasche-guenstig-kaufen
Taschen & Beutel,"/taschen-extrem-guenstig-drucken,category,20443.html",Papiertragetaschen,bedruckte-papiertragetaschen-extrem-guenstig
